Cluster_sseqid,Cluster_taxon,Human,Vertebrates,Plant,Realm,Kingdom,Phylum,Subphylum,Class,Order,Suborder,Family,Subfamily,Genus,Species,,SuperGroup
arthropodmix12819_Hubei_partiti-like_virus_2,Partiti-Picobirna,0,0,0,Riboviria,Orthornavirae,Pisuviricota,,Duplopiviricetes,Durnavirales,,,,,,,Partiti-Picobirna
BAU79482_Diatom_colony_associated_dsRNA_virus_1,Partiti-Picobirna,0,0,0,Riboviria,Orthornavirae,Pisuviricota,,Duplopiviricetes,Durnavirales,,,,,,,Partiti-Picobirna
BHHK112924_Beihai_partiti-like_virus_3,Partiti-Picobirna,0,0,0,Riboviria,Orthornavirae,Pisuviricota,,Duplopiviricetes,Durnavirales,,,,,,,Partiti-Picobirna
BHJJX16459_Beihai_picobirna-like_virus_6,Partiti-Picobirna,0,0,0,Riboviria,Orthornavirae,Pisuviricota,,Duplopiviricetes,Durnavirales,,,,,,,Partiti-Picobirna
BHJJX24179_Beihai_picobirna-like_virus_4,Partiti-Picobirna,0,0,0,Riboviria,Orthornavirae,Pisuviricota,,Duplopiviricetes,Durnavirales,,,,,,,Partiti-Picobirna
BHJJX25000_Beihai_picobirna-like_virus_5,Partiti-Picobirna,0,0,0,Riboviria,Orthornavirae,Pisuviricota,,Duplopiviricetes,Durnavirales,,,,,,,Partiti-Picobirna
BHJJX25356_Beihai_picobirna-like_virus_1,Partiti-Picobirna,0,0,0,Riboviria,Orthornavirae,Pisuviricota,,Duplopiviricetes,Durnavirales,,,,,,,Partiti-Picobirna
BHJJX66797_Beihai_picobirna-like_virus_2,Partiti-Picobirna,0,0,0,Riboviria,Orthornavirae,Pisuviricota,,Duplopiviricetes,Durnavirales,,,,,,,Partiti-Picobirna
BHNXC57916_BHZC50960_BHJJX15399_BHBJDX17263_etc_Beihai_picobirna-like_virus_7,Partiti-Picobirna,0,0,0,Riboviria,Orthornavirae,Pisuviricota,,Duplopiviricetes,Durnavirales,,,,,,,Partiti-Picobirna
BHNXC71065_BHZC29883_Beihai_picobirna-like_virus_8,Partiti-Picobirna,0,0,0,Riboviria,Orthornavirae,Pisuviricota,,Duplopiviricetes,Durnavirales,,,,,,,Partiti-Picobirna
BHTH13093_Beihai_picobirna-like_virus_3,Partiti-Picobirna,0,0,0,Riboviria,Orthornavirae,Pisuviricota,,Duplopiviricetes,Durnavirales,,,,,,,Partiti-Picobirna
BHTH16091_Beihai_barnacle_virus_12,Partiti-Picobirna,0,0,0,Riboviria,Orthornavirae,Pisuviricota,,Duplopiviricetes,Durnavirales,,,,,,,Partiti-Picobirna
BHTH16173_Beihai_barnacle_virus_13,Partiti-Picobirna,0,0,0,Riboviria,Orthornavirae,Pisuviricota,,Duplopiviricetes,Durnavirales,,,,,,,Partiti-Picobirna
BHTH35712_Beihai_barnacle_virus_14,Partiti-Picobirna,0,0,0,Riboviria,Orthornavirae,Pisuviricota,,Duplopiviricetes,Durnavirales,,,,,,,Partiti-Picobirna
BHTSS8738_Beihai_partiti-like_virus_1,Partiti-Picobirna,0,0,0,Riboviria,Orthornavirae,Pisuviricota,,Duplopiviricetes,Durnavirales,,,,,,,Partiti-Picobirna
BHWZXX14306_BHBJDX17847_Beihai_partiti-like_virus_11,Partiti-Picobirna,0,0,0,Riboviria,Orthornavirae,Pisuviricota,,Duplopiviricetes,Durnavirales,,,,,,,Partiti-Picobirna
BHXG11739_Beihai_partiti-like_virus_9,Partiti-Picobirna,0,0,0,Riboviria,Orthornavirae,Pisuviricota,,Duplopiviricetes,Durnavirales,,,,,,,Partiti-Picobirna
BHZC32520_Beihai_picobirna-like_virus_9,Partiti-Picobirna,0,0,0,Riboviria,Orthornavirae,Pisuviricota,,Duplopiviricetes,Durnavirales,,,,,,,Partiti-Picobirna
BHZC36678_Beihai_picobirna-like_virus_12,Partiti-Picobirna,0,0,0,Riboviria,Orthornavirae,Pisuviricota,,Duplopiviricetes,Durnavirales,,,,,,,Partiti-Picobirna
BHZC36972_Beihai_picobirna-like_virus_10,Partiti-Picobirna,0,0,0,Riboviria,Orthornavirae,Pisuviricota,,Duplopiviricetes,Durnavirales,,,,,,,Partiti-Picobirna
BHZY110439_Beihai_partiti-like_virus_6,Partiti-Picobirna,0,0,0,Riboviria,Orthornavirae,Pisuviricota,,Duplopiviricetes,Durnavirales,,,,,,,Partiti-Picobirna
BHZY58752_Beihai_picobirna-like_virus_13,Partiti-Picobirna,0,0,0,Riboviria,Orthornavirae,Pisuviricota,,Duplopiviricetes,Durnavirales,,,,,,,Partiti-Picobirna
BHZY60797_Beihai_partiti-like_virus_2,Partiti-Picobirna,0,0,0,Riboviria,Orthornavirae,Pisuviricota,,Duplopiviricetes,Durnavirales,,,,,,,Partiti-Picobirna
BWBFG40030_Beihai_picobirna-like_virus_11,Partiti-Picobirna,0,0,0,Riboviria,Orthornavirae,Pisuviricota,,Duplopiviricetes,Durnavirales,,,,,,,Partiti-Picobirna
CC64001_Wuhan_insect_virus_24,Partiti-Picobirna,0,0,0,Riboviria,Orthornavirae,Pisuviricota,,Duplopiviricetes,Durnavirales,,,,,,,Partiti-Picobirna
CC64706_Wuhan_insect_virus_25,Partiti-Picobirna,0,0,0,Riboviria,Orthornavirae,Pisuviricota,,Duplopiviricetes,Durnavirales,,,,,,,Partiti-Picobirna
CJLX57436_Changjiang_partiti-like_virus_1,Partiti-Picobirna,0,0,0,Riboviria,Orthornavirae,Pisuviricota,,Duplopiviricetes,Durnavirales,,,,,,,Partiti-Picobirna
DAZ90983.1_Alloteropsis_angusta_amalgavirus_1_Alloteropsis_angusta_1052,Partiti-Picobirna,0,0,1,Riboviria,Orthornavirae,Pisuviricota,,Duplopiviricetes,Durnavirales,,,,,,,Partiti-Picobirna
DAZ90989.1_Amaranthus_tuberculatus_amalgavirus_1_Amaranthus_tuberculatus_1049,Partiti-Picobirna,0,0,1,Riboviria,Orthornavirae,Pisuviricota,,Duplopiviricetes,Durnavirales,,,,,,,Partiti-Picobirna
DAZ90991.1_Amaranthus_tuberculatus_amalgavirus_2_Amaranthus_tuberculatus_1059,Partiti-Picobirna,0,0,1,Riboviria,Orthornavirae,Pisuviricota,,Duplopiviricetes,Durnavirales,,,,,,,Partiti-Picobirna
DAZ90995.1_Bletilla_striata_amalgavirus_1_Bletilla_striata_1055,Partiti-Picobirna,0,0,1,Riboviria,Orthornavirae,Pisuviricota,,Duplopiviricetes,Durnavirales,,,,,,,Partiti-Picobirna
DAZ91017.1_Gloriosa_superba_amalgavirus_1_Gloriosa_superba_1024,Partiti-Picobirna,0,0,1,Riboviria,Orthornavirae,Pisuviricota,,Duplopiviricetes,Durnavirales,,,,,,,Partiti-Picobirna
DAZ91019.1_Hevea_brasiliensis_amalgavirus_1_Hevea_brasiliensis_1072,Partiti-Picobirna,0,0,1,Riboviria,Orthornavirae,Pisuviricota,,Duplopiviricetes,Durnavirales,,,,,,,Partiti-Picobirna
DAZ91023.1_Myosoton_aquaticum_amalgavirus_1_Myosoton_aquaticum_1055,Partiti-Picobirna,0,0,1,Riboviria,Orthornavirae,Pisuviricota,,Duplopiviricetes,Durnavirales,,,,,,,Partiti-Picobirna
DAZ91031.1_Melilotus_officinalis_amalgavirus_1_Melilotus_officinalis_1057,Partiti-Picobirna,0,0,1,Riboviria,Orthornavirae,Pisuviricota,,Duplopiviricetes,Durnavirales,,,,,,,Partiti-Picobirna
DAZ91033.1_Melampyrum_roseum_amalgavirus_1_Melampyrum_roseum_1062,Partiti-Picobirna,0,0,1,Riboviria,Orthornavirae,Pisuviricota,,Duplopiviricetes,Durnavirales,,,,,,,Partiti-Picobirna
DAZ91037.1_Papaver_atlanticum_amalgavirus_1_Papaver_atlanticum_1055,Partiti-Picobirna,0,0,1,Riboviria,Orthornavirae,Pisuviricota,,Duplopiviricetes,Durnavirales,,,,,,,Partiti-Picobirna
DAZ91051.1_Rhyncholacis_penicillata_amalgavirus_1_1064,Partiti-Picobirna,0,0,1,Riboviria,Orthornavirae,Pisuviricota,,Duplopiviricetes,Durnavirales,,,,,,,Partiti-Picobirna
DAZ91053.1_Rhodiola_rosea_amalgavirus_1_Rhodiola_rosea_1092,Partiti-Picobirna,0,0,1,Riboviria,Orthornavirae,Pisuviricota,,Duplopiviricetes,Durnavirales,,,,,,,Partiti-Picobirna
DAZ91055.1_Swertia_japonica_amalgavirus_1_Swertia_japonica_1057,Partiti-Picobirna,0,0,1,Riboviria,Orthornavirae,Pisuviricota,,Duplopiviricetes,Durnavirales,,,,,,,Partiti-Picobirna
DAZ91061.1_Stevia_rebaudiana_amalgavirus_1_Stevia_rebaudiana_1049,Partiti-Picobirna,0,0,1,Riboviria,Orthornavirae,Pisuviricota,,Duplopiviricetes,Durnavirales,,,,,,,Partiti-Picobirna
fly116610_Wuhan_fly_virus_6,Partiti-Picobirna,0,0,0,Riboviria,Orthornavirae,Pisuviricota,,Duplopiviricetes,Durnavirales,,,,,,,Partiti-Picobirna
fly34516_Wuhan_fly_virus_5,Partiti-Picobirna,0,0,0,Riboviria,Orthornavirae,Pisuviricota,,Duplopiviricetes,Durnavirales,,,,,,,Partiti-Picobirna
GCM11219_WGML118279_Hubei_earwig_virus_2,Partiti-Picobirna,0,0,0,Riboviria,Orthornavirae,Pisuviricota,,Duplopiviricetes,Durnavirales,,,,,,,Partiti-Picobirna
HOU343377_Beihai_partiti-like_virus_7,Partiti-Picobirna,0,0,0,Riboviria,Orthornavirae,Pisuviricota,,Duplopiviricetes,Durnavirales,,,,,,,Partiti-Picobirna
HWRTX13334_Beihai_partiti-like_virus_8,Partiti-Picobirna,0,0,0,Riboviria,Orthornavirae,Pisuviricota,,Duplopiviricetes,Durnavirales,,,,,,,Partiti-Picobirna
insectZJ79891_mosZJ25114_Shuangao_partiti-like_virus_1,Partiti-Picobirna,0,0,0,Riboviria,Orthornavirae,Pisuviricota,,Duplopiviricetes,Durnavirales,,,,,,,Partiti-Picobirna
mosZJ34436_spider58365_Hubei_partiti-like_virus_22,Partiti-Picobirna,0,0,0,Riboviria,Orthornavirae,Pisuviricota,,Duplopiviricetes,Durnavirales,,,,,,,Partiti-Picobirna
NP_624325_Zygosaccharomyces_bailii_virus_Z,Partiti-Picobirna,0,0,0,Riboviria,Orthornavirae,Pisuviricota,,Duplopiviricetes,Durnavirales,,,,,,,Partiti-Picobirna
QBC66123.1_Cucumis_melo_amalgavirus_1_Cucumis_melo_1049,Partiti-Picobirna,0,0,1,Riboviria,Orthornavirae,Pisuviricota,,Duplopiviricetes,Durnavirales,,,,,,,Partiti-Picobirna
QCM147194_Hubei_partiti-like_virus_48,Partiti-Picobirna,0,0,0,Riboviria,Orthornavirae,Pisuviricota,,Duplopiviricetes,Durnavirales,,,,,,,Partiti-Picobirna
QCM950973_Hubei_partiti-like_virus_4,Partiti-Picobirna,0,0,0,Riboviria,Orthornavirae,Pisuviricota,,Duplopiviricetes,Durnavirales,,,,,,,Partiti-Picobirna
QCM951148_Hubei_partiti-like_virus_33,Partiti-Picobirna,0,0,0,Riboviria,Orthornavirae,Pisuviricota,,Duplopiviricetes,Durnavirales,,,,,,,Partiti-Picobirna
QDB74985.1_Phaeoacremonium_minimum_tetramycovirus_1_Phaeoacremonium_minimum_764,Partiti-Picobirna,0,0,0,Riboviria,Orthornavirae,Pisuviricota,,Duplopiviricetes,Durnavirales,,,,,,,Partiti-Picobirna
QKI28961.1_Kummerowia_striata_partitivirus_Kummerowia_striata_622,Partiti-Picobirna,0,0,1,Riboviria,Orthornavirae,Pisuviricota,,Duplopiviricetes,Durnavirales,,,,,,,Partiti-Picobirna
QQZ02313.1_Aspergillus_nidulans_partitivirus_1_Aspergillus_nidulans_573,Partiti-Picobirna,0,0,0,Riboviria,Orthornavirae,Pisuviricota,,Duplopiviricetes,Durnavirales,,,,,,,Partiti-Picobirna
QTM133141_Hubei_partiti-like_virus_10,Partiti-Picobirna,0,0,0,Riboviria,Orthornavirae,Pisuviricota,,Duplopiviricetes,Durnavirales,,,,,,,Partiti-Picobirna
QTM22037_Hubei_partiti-like_virus_57,Partiti-Picobirna,0,0,0,Riboviria,Orthornavirae,Pisuviricota,,Duplopiviricetes,Durnavirales,,,,,,,Partiti-Picobirna
QTM23269_Hubei_partiti-like_virus_7,Partiti-Picobirna,0,0,0,Riboviria,Orthornavirae,Pisuviricota,,Duplopiviricetes,Durnavirales,,,,,,,Partiti-Picobirna
QTM23479_Hubei_partiti-like_virus_37,Partiti-Picobirna,0,0,0,Riboviria,Orthornavirae,Pisuviricota,,Duplopiviricetes,Durnavirales,,,,,,,Partiti-Picobirna
QTM24152_Hubei_partiti-like_virus_39,Partiti-Picobirna,0,0,0,Riboviria,Orthornavirae,Pisuviricota,,Duplopiviricetes,Durnavirales,,,,,,,Partiti-Picobirna
QTM24887_Hubei_partiti-like_virus_41,Partiti-Picobirna,0,0,0,Riboviria,Orthornavirae,Pisuviricota,,Duplopiviricetes,Durnavirales,,,,,,,Partiti-Picobirna
QTM25188_Hubei_partiti-like_virus_11,Partiti-Picobirna,0,0,0,Riboviria,Orthornavirae,Pisuviricota,,Duplopiviricetes,Durnavirales,,,,,,,Partiti-Picobirna
QTM26145_Hubei_partiti-like_virus_56,Partiti-Picobirna,0,0,0,Riboviria,Orthornavirae,Pisuviricota,,Duplopiviricetes,Durnavirales,,,,,,,Partiti-Picobirna
QTM26281_Hubei_partiti-like_virus_46,Partiti-Picobirna,0,0,0,Riboviria,Orthornavirae,Pisuviricota,,Duplopiviricetes,Durnavirales,,,,,,,Partiti-Picobirna
QTM26744_Hubei_partiti-like_virus_29,Partiti-Picobirna,0,0,0,Riboviria,Orthornavirae,Pisuviricota,,Duplopiviricetes,Durnavirales,,,,,,,Partiti-Picobirna
QTM27155_Hubei_partiti-like_virus_21,Partiti-Picobirna,0,0,0,Riboviria,Orthornavirae,Pisuviricota,,Duplopiviricetes,Durnavirales,,,,,,,Partiti-Picobirna
QTM29853_Hubei_partiti-like_virus_44,Partiti-Picobirna,0,0,0,Riboviria,Orthornavirae,Pisuviricota,,Duplopiviricetes,Durnavirales,,,,,,,Partiti-Picobirna
QTM3514_Hubei_partiti-like_virus_36,Partiti-Picobirna,0,0,0,Riboviria,Orthornavirae,Pisuviricota,,Duplopiviricetes,Durnavirales,,,,,,,Partiti-Picobirna
QTM46465_Hubei_partiti-like_virus_47,Partiti-Picobirna,0,0,0,Riboviria,Orthornavirae,Pisuviricota,,Duplopiviricetes,Durnavirales,,,,,,,Partiti-Picobirna
QTM46741_Hubei_partiti-like_virus_32,Partiti-Picobirna,0,0,0,Riboviria,Orthornavirae,Pisuviricota,,Duplopiviricetes,Durnavirales,,,,,,,Partiti-Picobirna
QTM47485_Hubei_partiti-like_virus_5,Partiti-Picobirna,0,0,0,Riboviria,Orthornavirae,Pisuviricota,,Duplopiviricetes,Durnavirales,,,,,,,Partiti-Picobirna
QTM74833_Hubei_partiti-like_virus_20,Partiti-Picobirna,0,0,0,Riboviria,Orthornavirae,Pisuviricota,,Duplopiviricetes,Durnavirales,,,,,,,Partiti-Picobirna
QTM74844_WGML31721_Hubei_odonate_virus_13,Partiti-Picobirna,0,0,0,Riboviria,Orthornavirae,Pisuviricota,,Duplopiviricetes,Durnavirales,,,,,,,Partiti-Picobirna
QTM75790_Hubei_partiti-like_virus_17,Partiti-Picobirna,0,0,0,Riboviria,Orthornavirae,Pisuviricota,,Duplopiviricetes,Durnavirales,,,,,,,Partiti-Picobirna
QTM77172_Hubei_partiti-like_virus_12,Partiti-Picobirna,0,0,0,Riboviria,Orthornavirae,Pisuviricota,,Duplopiviricetes,Durnavirales,,,,,,,Partiti-Picobirna
QTW52603.1_Rhizoctonia_solani_RNA_Virus_11_Rhizoctonia_solani_705,Partiti-Picobirna,0,0,0,Riboviria,Orthornavirae,Pisuviricota,,Duplopiviricetes,Durnavirales,,,,,,,Partiti-Picobirna
SCM172187_Hubei_diptera_virus_17,Partiti-Picobirna,0,0,0,Riboviria,Orthornavirae,Pisuviricota,,Duplopiviricetes,Durnavirales,,,,,,,Partiti-Picobirna
SCM172380_Hubei_partiti-like_virus_19,Partiti-Picobirna,0,0,0,Riboviria,Orthornavirae,Pisuviricota,,Duplopiviricetes,Durnavirales,,,,,,,Partiti-Picobirna
SCM245982_Hubei_partiti-like_virus_38,Partiti-Picobirna,0,0,0,Riboviria,Orthornavirae,Pisuviricota,,Duplopiviricetes,Durnavirales,,,,,,,Partiti-Picobirna
SCM33193_Hubei_partiti-like_virus_59,Partiti-Picobirna,0,0,0,Riboviria,Orthornavirae,Pisuviricota,,Duplopiviricetes,Durnavirales,,,,,,,Partiti-Picobirna
SCM37169_QTM25917_Hubei_diptera_virus_18,Partiti-Picobirna,0,0,0,Riboviria,Orthornavirae,Pisuviricota,,Duplopiviricetes,Durnavirales,,,,,,,Partiti-Picobirna
SCM50556_Hubei_partiti-like_virus_18,Partiti-Picobirna,0,0,0,Riboviria,Orthornavirae,Pisuviricota,,Duplopiviricetes,Durnavirales,,,,,,,Partiti-Picobirna
SCM51314_QTM27098_Hubei_diptera_virus_19,Partiti-Picobirna,0,0,0,Riboviria,Orthornavirae,Pisuviricota,,Duplopiviricetes,Durnavirales,,,,,,,Partiti-Picobirna
SHWC01c3537_Shahe_picobirna-like_virus_2,Partiti-Picobirna,0,0,0,Riboviria,Orthornavirae,Pisuviricota,,Duplopiviricetes,Durnavirales,,,,,,,Partiti-Picobirna
SHWC0209c12590_Shahe_picobirna-like_virus_1,Partiti-Picobirna,0,0,0,Riboviria,Orthornavirae,Pisuviricota,,Duplopiviricetes,Durnavirales,,,,,,,Partiti-Picobirna
SHWC0209c27544_Shahe_partiti-like_virus_1,Partiti-Picobirna,0,0,0,Riboviria,Orthornavirae,Pisuviricota,,Duplopiviricetes,Durnavirales,,,,,,,Partiti-Picobirna
spider118314_Hubei_partiti-like_virus_49,Partiti-Picobirna,0,0,0,Riboviria,Orthornavirae,Pisuviricota,,Duplopiviricetes,Durnavirales,,,,,,,Partiti-Picobirna
spider122140_Hubei_partiti-like_virus_13,Partiti-Picobirna,0,0,0,Riboviria,Orthornavirae,Pisuviricota,,Duplopiviricetes,Durnavirales,,,,,,,Partiti-Picobirna
spider131688_Hubei_partiti-like_virus_6,Partiti-Picobirna,0,0,0,Riboviria,Orthornavirae,Pisuviricota,,Duplopiviricetes,Durnavirales,,,,,,,Partiti-Picobirna
spider131862_Hubei_partiti-like_virus_31,Partiti-Picobirna,0,0,0,Riboviria,Orthornavirae,Pisuviricota,,Duplopiviricetes,Durnavirales,,,,,,,Partiti-Picobirna
spider132884_Hubei_partiti-like_virus_14,Partiti-Picobirna,0,0,0,Riboviria,Orthornavirae,Pisuviricota,,Duplopiviricetes,Durnavirales,,,,,,,Partiti-Picobirna
spider134492_Hubei_partiti-like_virus_42,Partiti-Picobirna,0,0,0,Riboviria,Orthornavirae,Pisuviricota,,Duplopiviricetes,Durnavirales,,,,,,,Partiti-Picobirna
spider135364_Hubei_partiti-like_virus_15,Partiti-Picobirna,0,0,0,Riboviria,Orthornavirae,Pisuviricota,,Duplopiviricetes,Durnavirales,,,,,,,Partiti-Picobirna
SSZZ3448_QTM24815_Hubei_tetragnatha_maxillosa_virus_8,Partiti-Picobirna,0,0,0,Riboviria,Orthornavirae,Pisuviricota,,Duplopiviricetes,Durnavirales,,,,,,,Partiti-Picobirna
SSZZ4709_QTM75369_Hubei_partiti-like_virus_3,Partiti-Picobirna,0,0,0,Riboviria,Orthornavirae,Pisuviricota,,Duplopiviricetes,Durnavirales,,,,,,,Partiti-Picobirna
SXSSP2538_SXXX36890_Sanxia_water_strider_virus_18,Partiti-Picobirna,0,0,0,Riboviria,Orthornavirae,Pisuviricota,,Duplopiviricetes,Durnavirales,,,,,,,Partiti-Picobirna
SXSSP515_Sanxia_partiti-like_virus_1,Partiti-Picobirna,0,0,0,Riboviria,Orthornavirae,Pisuviricota,,Duplopiviricetes,Durnavirales,,,,,,,Partiti-Picobirna
SXXX6738_Sanxia_partiti-like_virus_2,Partiti-Picobirna,0,0,0,Riboviria,Orthornavirae,Pisuviricota,,Duplopiviricetes,Durnavirales,,,,,,,Partiti-Picobirna
SZmix20674_Hubei_partiti-like_virus_53,Partiti-Picobirna,0,0,0,Riboviria,Orthornavirae,Pisuviricota,,Duplopiviricetes,Durnavirales,,,,,,,Partiti-Picobirna
SZmix20834_Hubei_partiti-like_virus_54,Partiti-Picobirna,0,0,0,Riboviria,Orthornavirae,Pisuviricota,,Duplopiviricetes,Durnavirales,,,,,,,Partiti-Picobirna
SZmix21556_Hubei_partiti-like_virus_55,Partiti-Picobirna,0,0,0,Riboviria,Orthornavirae,Pisuviricota,,Duplopiviricetes,Durnavirales,,,,,,,Partiti-Picobirna
UOK20165.1_Diplodia_seriata_polymycovirus_1_Diplodia_seriata_764,Partiti-Picobirna,0,0,1,Riboviria,Orthornavirae,Pisuviricota,,Duplopiviricetes,Durnavirales,,,,,,,Partiti-Picobirna
UQZ09564.1_Freshwater_macrophyte_associated_picobirna-like_virus_1_503,Partiti-Picobirna,0,0,0,Riboviria,Orthornavirae,Pisuviricota,,Duplopiviricetes,Durnavirales,,,,,,,Partiti-Picobirna
UTQ50833.1_Tomato_associated_partiti-like_virus_1_Solanum_lycopersicum_488,Partiti-Picobirna,0,0,1,Riboviria,Orthornavirae,Pisuviricota,,Duplopiviricetes,Durnavirales,,,,,,,Partiti-Picobirna
UWM23169.1_Mallotus_japonicus_virus_B_Mallotus_japonicus_1070,Partiti-Picobirna,0,0,1,Riboviria,Orthornavirae,Pisuviricota,,Duplopiviricetes,Durnavirales,,,,,,,Partiti-Picobirna
UWU44405.1_Gymnadenia_amalgavirus_2_Gymnadenia_rhellicani_1057,Partiti-Picobirna,0,0,1,Riboviria,Orthornavirae,Pisuviricota,,Duplopiviricetes,Durnavirales,,,,,,,Partiti-Picobirna
WAK75565.1_Partitiviridae_sp._Amblyomma_geoemydae_581,Partiti-Picobirna,0,0,0,Riboviria,Orthornavirae,Pisuviricota,,Duplopiviricetes,Durnavirales,,,,,,,Partiti-Picobirna
WAK75576.1_Partitiviridae_sp._Amblyomma_varanense_563,Partiti-Picobirna,0,0,0,Riboviria,Orthornavirae,Pisuviricota,,Duplopiviricetes,Durnavirales,,,,,,,Partiti-Picobirna
WAK75608.1_Partitiviridae_sp._Alveonasus_lahorensis_501,Partiti-Picobirna,0,0,0,Riboviria,Orthornavirae,Pisuviricota,,Duplopiviricetes,Durnavirales,,,,,,,Partiti-Picobirna
WHBL68697_Hubei_picobirna-like_virus_2,Partiti-Picobirna,0,0,0,Riboviria,Orthornavirae,Pisuviricota,,Duplopiviricetes,Durnavirales,,,,,,,Partiti-Picobirna
WHCC258759_Hubei_partiti-like_virus_1,Partiti-Picobirna,0,0,0,Riboviria,Orthornavirae,Pisuviricota,,Duplopiviricetes,Durnavirales,,,,,,,Partiti-Picobirna
WHCC37315_Hubei_partiti-like_virus_8,Partiti-Picobirna,0,0,0,Riboviria,Orthornavirae,Pisuviricota,,Duplopiviricetes,Durnavirales,,,,,,,Partiti-Picobirna
WHCC72771_Hubei_partiti-like_virus_9,Partiti-Picobirna,0,0,0,Riboviria,Orthornavirae,Pisuviricota,,Duplopiviricetes,Durnavirales,,,,,,,Partiti-Picobirna
WHCCII13098_Hubei_partiti-like_virus_40,Partiti-Picobirna,0,0,0,Riboviria,Orthornavirae,Pisuviricota,,Duplopiviricetes,Durnavirales,,,,,,,Partiti-Picobirna
WHCCII13263_mosZJ33376_etc_Wuhan_insect_virus_23,Partiti-Picobirna,0,0,0,Riboviria,Orthornavirae,Pisuviricota,,Duplopiviricetes,Durnavirales,,,,,,,Partiti-Picobirna
WHLC8707_Hubei_partiti-like_virus_43,Partiti-Picobirna,0,0,0,Riboviria,Orthornavirae,Pisuviricota,,Duplopiviricetes,Durnavirales,,,,,,,Partiti-Picobirna
WHSFII2200_Wuhan_pillworm_virus_4,Partiti-Picobirna,0,0,0,Riboviria,Orthornavirae,Pisuviricota,,Duplopiviricetes,Durnavirales,,,,,,,Partiti-Picobirna
WHSFII41391_Hubei_picobirna-like_virus_1,Partiti-Picobirna,0,0,0,Riboviria,Orthornavirae,Pisuviricota,,Duplopiviricetes,Durnavirales,,,,,,,Partiti-Picobirna
WHSFII9387_WGML112875_Hubei_partiti-like_virus_16,Partiti-Picobirna,0,0,0,Riboviria,Orthornavirae,Pisuviricota,,Duplopiviricetes,Durnavirales,,,,,,,Partiti-Picobirna
WHWG256022_GCM8225_Wuhan_Millipede_virus_4,Partiti-Picobirna,0,0,0,Riboviria,Orthornavirae,Pisuviricota,,Duplopiviricetes,Durnavirales,,,,,,,Partiti-Picobirna
WHWN68514_Hubei_partiti-like_virus_34,Partiti-Picobirna,0,0,0,Riboviria,Orthornavirae,Pisuviricota,,Duplopiviricetes,Durnavirales,,,,,,,Partiti-Picobirna
WHXS3745_Wuhan_cricket_virus_2,Partiti-Picobirna,0,0,0,Riboviria,Orthornavirae,Pisuviricota,,Duplopiviricetes,Durnavirales,,,,,,,Partiti-Picobirna
WHYY15874_Hubei_partiti-like_virus_45,Partiti-Picobirna,0,0,0,Riboviria,Orthornavirae,Pisuviricota,,Duplopiviricetes,Durnavirales,,,,,,,Partiti-Picobirna
WHYY30311_Hubei_partiti-like_virus_35,Partiti-Picobirna,0,0,0,Riboviria,Orthornavirae,Pisuviricota,,Duplopiviricetes,Durnavirales,,,,,,,Partiti-Picobirna
WHYY33011_Wuhan_house_centipede_virus_8,Partiti-Picobirna,0,0,0,Riboviria,Orthornavirae,Pisuviricota,,Duplopiviricetes,Durnavirales,,,,,,,Partiti-Picobirna
WHYY9725_Wuhan_house_centipede_virus_7,Partiti-Picobirna,0,0,0,Riboviria,Orthornavirae,Pisuviricota,,Duplopiviricetes,Durnavirales,,,,,,,Partiti-Picobirna
WHZHC73278_Wuhan_large_pig_roundworm_virus_1,Partiti-Picobirna,0,0,0,Riboviria,Orthornavirae,Pisuviricota,,Duplopiviricetes,Durnavirales,,,,,,,Partiti-Picobirna
WHZM10073_spider98584_Wuhan_insect_virus_22,Partiti-Picobirna,0,0,0,Riboviria,Orthornavirae,Pisuviricota,,Duplopiviricetes,Durnavirales,,,,,,,Partiti-Picobirna
WLJQ101202_Wenling_partiti-like_virus_13,Partiti-Picobirna,0,0,0,Riboviria,Orthornavirae,Pisuviricota,,Duplopiviricetes,Durnavirales,,,,,,,Partiti-Picobirna
WLJQ102434_Wenling_partiti-like_virus_2,Partiti-Picobirna,0,0,0,Riboviria,Orthornavirae,Pisuviricota,,Duplopiviricetes,Durnavirales,,,,,,,Partiti-Picobirna
WLJQ103127_Wenling_partiti-like_virus_4,Partiti-Picobirna,0,0,0,Riboviria,Orthornavirae,Pisuviricota,,Duplopiviricetes,Durnavirales,,,,,,,Partiti-Picobirna
WLJQ123769_Wenling_partiti-like_virus_8,Partiti-Picobirna,0,0,0,Riboviria,Orthornavirae,Pisuviricota,,Duplopiviricetes,Durnavirales,,,,,,,Partiti-Picobirna
WLJQ124021_Wenling_partiti-like_virus_3,Partiti-Picobirna,0,0,0,Riboviria,Orthornavirae,Pisuviricota,,Duplopiviricetes,Durnavirales,,,,,,,Partiti-Picobirna
WLJQ144192_Wenling_picobirna-like_virus_1,Partiti-Picobirna,0,0,0,Riboviria,Orthornavirae,Pisuviricota,,Duplopiviricetes,Durnavirales,,,,,,,Partiti-Picobirna
WLJQ23031_Wenling_partiti-like_virus_9,Partiti-Picobirna,0,0,0,Riboviria,Orthornavirae,Pisuviricota,,Duplopiviricetes,Durnavirales,,,,,,,Partiti-Picobirna
WLJQ26001_Wenling_partiti-like_virus_10,Partiti-Picobirna,0,0,0,Riboviria,Orthornavirae,Pisuviricota,,Duplopiviricetes,Durnavirales,,,,,,,Partiti-Picobirna
WLJQ47818_Wenling_partiti-like_virus_6,Partiti-Picobirna,0,0,0,Riboviria,Orthornavirae,Pisuviricota,,Duplopiviricetes,Durnavirales,,,,,,,Partiti-Picobirna
WLJQ59225_Wenling_partiti-like_virus_5,Partiti-Picobirna,0,0,0,Riboviria,Orthornavirae,Pisuviricota,,Duplopiviricetes,Durnavirales,,,,,,,Partiti-Picobirna
WLJQ82808_Wenling_partiti-like_virus_7,Partiti-Picobirna,0,0,0,Riboviria,Orthornavirae,Pisuviricota,,Duplopiviricetes,Durnavirales,,,,,,,Partiti-Picobirna
WLJQ9539_Wenling_partiti-like_virus_11,Partiti-Picobirna,0,0,0,Riboviria,Orthornavirae,Pisuviricota,,Duplopiviricetes,Durnavirales,,,,,,,Partiti-Picobirna
WLJQ97111_Wenling_partiti-like_virus_1,Partiti-Picobirna,0,0,0,Riboviria,Orthornavirae,Pisuviricota,,Duplopiviricetes,Durnavirales,,,,,,,Partiti-Picobirna
WLJQ98567_Wenling_partiti-like_virus_12,Partiti-Picobirna,0,0,0,Riboviria,Orthornavirae,Pisuviricota,,Duplopiviricetes,Durnavirales,,,,,,,Partiti-Picobirna
WZRBX37312_Wenzhou_partiti-like_virus_1,Partiti-Picobirna,0,0,0,Riboviria,Orthornavirae,Pisuviricota,,Duplopiviricetes,Durnavirales,,,,,,,Partiti-Picobirna
XZSJSC65291_Xinzhou_partiti-like_virus_1,Partiti-Picobirna,0,0,0,Riboviria,Orthornavirae,Pisuviricota,,Duplopiviricetes,Durnavirales,,,,,,,Partiti-Picobirna
YP_003288790.1_Fusarium_graminearum_dsRNA_mycovirus_4_712,Partiti-Picobirna,0,0,1,Riboviria,Orthornavirae,Pisuviricota,,Duplopiviricetes,Durnavirales,,,,,,,Partiti-Picobirna
YP_007985675.1_Cryphonectria_parasitica_bipartite_mycovirus_1_592,Partiti-Picobirna,0,0,0,Riboviria,Orthornavirae,Pisuviricota,,Duplopiviricetes,Durnavirales,,,,,,,Partiti-Picobirna
YP_009052469.1_Alternaria_longipes_dsRNA_virus_1_579,Partiti-Picobirna,0,0,0,Riboviria,Orthornavirae,Pisuviricota,,Duplopiviricetes,Durnavirales,,,,,,,Partiti-Picobirna
YP_009052470.1_Cladosporium_cladosporioides_virus_1_760,Partiti-Picobirna,0,0,0,Riboviria,Orthornavirae,Pisuviricota,,Duplopiviricetes,Durnavirales,,,,,,,Partiti-Picobirna
YP_009094186_Ustilaginoidea_virens_RNA_virus_M,Partiti-Picobirna,0,0,0,Riboviria,Orthornavirae,Pisuviricota,,Duplopiviricetes,Durnavirales,,,,,,,Partiti-Picobirna
YP_009154709.1_Ustilaginoidea_virens_unassigned_RNA_virus_HNND-1_525,Partiti-Picobirna,0,0,0,Riboviria,Orthornavirae,Pisuviricota,,Duplopiviricetes,Durnavirales,,,,,,,Partiti-Picobirna
YP_009154711.1_Beauveria_bassiana_RNA_virus_1_590,Partiti-Picobirna,0,0,0,Riboviria,Orthornavirae,Pisuviricota,,Duplopiviricetes,Durnavirales,,,,,,,Partiti-Picobirna
YP_009352879.1_Beauveria_bassiana_polymycovirus_1_775,Partiti-Picobirna,0,0,0,Riboviria,Orthornavirae,Pisuviricota,,Duplopiviricetes,Durnavirales,,,,,,,Partiti-Picobirna
YP_009388304.1_Spinach_amalgavirus_1_1053,Partiti-Picobirna,0,0,0,Riboviria,Orthornavirae,Pisuviricota,,Duplopiviricetes,Durnavirales,,,,,,,Partiti-Picobirna
YP_009551547.1_Aspergillus_fumigatus_polymycovirus_1_763,Partiti-Picobirna,0,0,0,Riboviria,Orthornavirae,Pisuviricota,,Duplopiviricetes,Durnavirales,,,,,,,Partiti-Picobirna
YP_009551548.1_Penicillium_digitatum_polymycoviruses_1_760,Partiti-Picobirna,0,0,0,Riboviria,Orthornavirae,Pisuviricota,,Duplopiviricetes,Durnavirales,,,,,,,Partiti-Picobirna
YP_009553330.1_Trichoderma_harzianum_bipartite_mycovirus_1_631,Partiti-Picobirna,0,0,0,Riboviria,Orthornavirae,Pisuviricota,,Duplopiviricetes,Durnavirales,,,,,,,Partiti-Picobirna
YP_010086046.1_Magnaporthe_oryzae_polymycovirus_1_766,Partiti-Picobirna,0,0,0,Riboviria,Orthornavirae,Pisuviricota,,Duplopiviricetes,Durnavirales,,,,,,,Partiti-Picobirna
YYSZX17448_Beihai_partiti-like_virus_5,Partiti-Picobirna,0,0,0,Riboviria,Orthornavirae,Pisuviricota,,Duplopiviricetes,Durnavirales,,,,,,,Partiti-Picobirna
YYSZX180_Beihai_partiti-like_virus_4,Partiti-Picobirna,0,0,0,Riboviria,Orthornavirae,Pisuviricota,,Duplopiviricetes,Durnavirales,,,,,,,Partiti-Picobirna
YYSZX26933_Beihai_partiti-like_virus_10,Partiti-Picobirna,0,0,0,Riboviria,Orthornavirae,Pisuviricota,,Duplopiviricetes,Durnavirales,,,,,,,Partiti-Picobirna
AZT88602.1_Gaeumannomyces_tritici_partitivirus_1_Gaeumannomyces_tritici_578,Partitiviridae,0,0,1,Riboviria,Orthornavirae,Pisuviricota,,Duplopiviricetes,Durnavirales,,Partitiviridae,,,,,Partiti-Picobirna
NP_604475_Atkinsonella_hypoxylon_partitivirus,Partitiviridae,0,0,1,Riboviria,Orthornavirae,Pisuviricota,,Duplopiviricetes,Durnavirales,,Partitiviridae,,Betapartitivirus,Atkinsonella hypoxylon virus,,Partiti-Picobirna
NP_620659_Rhizoctonia_solani_virus_717,Partitiviridae,0,0,1,Riboviria,Orthornavirae,Pisuviricota,,Duplopiviricetes,Durnavirales,,Partitiviridae,,Betapartitivirus,Rhizoctonia solani virus 717,,Partiti-Picobirna
NP_624349_Fusarium_poae_virus_1,Partitiviridae,0,0,1,Riboviria,Orthornavirae,Pisuviricota,,Duplopiviricetes,Durnavirales,,Partitiviridae,,Betapartitivirus,Fusarium poae virus 1,,Partiti-Picobirna
QED42863.1_ORF1_Ambrosia_cryptic_virus_1_ORF1_Ambrosia_trifida_616,Partitiviridae,0,0,0,Riboviria,Orthornavirae,Pisuviricota,,Duplopiviricetes,Durnavirales,,Partitiviridae,,,,,Partiti-Picobirna
QLC36807.1_Sarcosphaera_coronaria_partitivirus_Sarcosphaera_coronaria_601,Partitiviridae,0,0,0,Riboviria,Orthornavirae,Pisuviricota,,Duplopiviricetes,Durnavirales,,Partitiviridae,,,,,Partiti-Picobirna
QLC36809.1_Sarcosphaera_coronaria_partitivirus_Sarcosphaera_coronaria_634,Partitiviridae,0,0,0,Riboviria,Orthornavirae,Pisuviricota,,Duplopiviricetes,Durnavirales,,Partitiviridae,,,,,Partiti-Picobirna
QLC36815.1_Sarcosphaera_coronaria_partitivirus_Sarcosphaera_coronaria_611,Partitiviridae,0,0,0,Riboviria,Orthornavirae,Pisuviricota,,Duplopiviricetes,Durnavirales,,Partitiviridae,,,,,Partiti-Picobirna
QLC36826.1_Sarcosphaera_coronaria_partitivirus_Sarcosphaera_coronaria_763,Partitiviridae,0,0,0,Riboviria,Orthornavirae,Pisuviricota,,Duplopiviricetes,Durnavirales,,Partitiviridae,,,,,Partiti-Picobirna
QLC36829.1_Sarcosphaera_coronaria_partitivirus_Sarcosphaera_coronaria_747,Partitiviridae,0,0,0,Riboviria,Orthornavirae,Pisuviricota,,Duplopiviricetes,Durnavirales,,Partitiviridae,,,,,Partiti-Picobirna
QOI17257.1_Caloscypha_fulgens_partitivirus_5_Caloscypha_fulgens_716,Partitiviridae,0,0,0,Riboviria,Orthornavirae,Pisuviricota,,Duplopiviricetes,Durnavirales,,Partitiviridae,,,,,Partiti-Picobirna
QTM20591_Hubei_partiti-like_virus_25,Partitiviridae,0,0,0,Riboviria,Orthornavirae,Pisuviricota,,Duplopiviricetes,Durnavirales,,Partitiviridae,,,,,Partiti-Picobirna
QTM24142_Hubei_partiti-like_virus_23,Partitiviridae,0,0,0,Riboviria,Orthornavirae,Pisuviricota,,Duplopiviricetes,Durnavirales,,Partitiviridae,,,,,Partiti-Picobirna
QTM26091_Hubei_partiti-like_virus_27,Partitiviridae,0,0,0,Riboviria,Orthornavirae,Pisuviricota,,Duplopiviricetes,Durnavirales,,Partitiviridae,,,,,Partiti-Picobirna
QTM27118_Hubei_partiti-like_virus_26,Partitiviridae,0,0,0,Riboviria,Orthornavirae,Pisuviricota,,Duplopiviricetes,Durnavirales,,Partitiviridae,,,,,Partiti-Picobirna
UWK02071.1_Fusarium_poae_partitivirus_3_Fusarium_poae_579,Partitiviridae,0,0,1,Riboviria,Orthornavirae,Pisuviricota,,Duplopiviricetes,Durnavirales,,Partitiviridae,,,,,Partiti-Picobirna
UZA97452.1_Polygonatum_partitivirus_1_Polygonatum_kingianum_581,Partitiviridae,0,0,1,Riboviria,Orthornavirae,Pisuviricota,,Duplopiviricetes,Durnavirales,,Partitiviridae,,,,,Partiti-Picobirna
WDD45107.1_Rhizoctonia_solani_virus_JC1_Rhizoctonia_solani_800,Partitiviridae,0,0,1,Riboviria,Orthornavirae,Pisuviricota,,Duplopiviricetes,Durnavirales,,Partitiviridae,,,,,Partiti-Picobirna
WHYY17134_Hubei_partiti-like_virus_24,Partitiviridae,0,0,0,Riboviria,Orthornavirae,Pisuviricota,,Duplopiviricetes,Durnavirales,,Partitiviridae,,,,,Partiti-Picobirna
YP_001911122_Ceratocystis_polonica_partitivirus,Partitiviridae,0,0,0,Riboviria,Orthornavirae,Pisuviricota,,Duplopiviricetes,Durnavirales,,Partitiviridae,,Betapartitivirus,Ceratocystis resinifera virus 1,,Partiti-Picobirna
YP_002308574_Beet_cryptic_virus_1,Partitiviridae,0,0,1,Riboviria,Orthornavirae,Pisuviricota,,Duplopiviricetes,Durnavirales,,Partitiviridae,,Alphapartitivirus,Beet cryptic virus 1,,Partiti-Picobirna
YP_003082248_Sclerotinia_sclerotiorum_partitivirus_S,Partitiviridae,0,0,1,Riboviria,Orthornavirae,Pisuviricota,,Duplopiviricetes,Durnavirales,,Partitiviridae,,,,,Partiti-Picobirna
YP_003104768_Primula_malacoides_virus_China-Mar2007,Partitiviridae,0,0,1,Riboviria,Orthornavirae,Pisuviricota,,Duplopiviricetes,Durnavirales,,Partitiviridae,,Betapartitivirus,Primula malacoides virus 1,,Partiti-Picobirna
YP_007419077_Rosellinia_necatrix_partitivirus_2,Partitiviridae,0,0,1,Riboviria,Orthornavirae,Pisuviricota,,Duplopiviricetes,Durnavirales,,Partitiviridae,,Alphapartitivirus,Rosellinia necatrix partitivirus 2,,Partiti-Picobirna
YP_007889821_White_clover_cryptic_virus_2,Partitiviridae,0,0,1,Riboviria,Orthornavirae,Pisuviricota,,Duplopiviricetes,Durnavirales,,Partitiviridae,,Betapartitivirus,White clover cryptic virus 2,,Partiti-Picobirna
YP_009011230_Rhizoctonia_solani_dsRNA_virus_2,Partitiviridae,0,0,1,Riboviria,Orthornavirae,Pisuviricota,,Duplopiviricetes,Durnavirales,,Partitiviridae,,,,,Partiti-Picobirna
YP_009272951.1_Fusarium_poae_virus_1-240374_701,Partitiviridae,0,0,1,Riboviria,Orthornavirae,Pisuviricota,,Duplopiviricetes,Durnavirales,,Partitiviridae,,Betapartitivirus,Fusarium poae virus 1,,Partiti-Picobirna
YP_009293586.1_Cannabis_cryptic_virus_746,Partitiviridae,0,0,1,Riboviria,Orthornavirae,Pisuviricota,,Duplopiviricetes,Durnavirales,,Partitiviridae,,Betapartitivirus,Cannabis cryptic virus,,Partiti-Picobirna
YP_086754_White_clover_cryptic_virus_1,Partitiviridae,0,0,1,Riboviria,Orthornavirae,Pisuviricota,,Duplopiviricetes,Durnavirales,,Partitiviridae,,Alphapartitivirus,White clover cryptic virus 1,,Partiti-Picobirna
YP_138537_Amasya_cherry_disease-associated_mycovirus,Partitiviridae,0,0,1,Riboviria,Orthornavirae,Pisuviricota,,Duplopiviricetes,Durnavirales,,Partitiviridae,,,,,Partiti-Picobirna
YP_227355_Pleurotus_ostreatus_virus_1,Partitiviridae,0,0,0,Riboviria,Orthornavirae,Pisuviricota,,Duplopiviricetes,Durnavirales,,Partitiviridae,,Betapartitivirus,Pleurotus ostreatus virus 1,,Partiti-Picobirna
YP_392480_Rosellinia_necatrix_partitivirus_1-W8,Partitiviridae,0,0,1,Riboviria,Orthornavirae,Pisuviricota,,Duplopiviricetes,Durnavirales,,Partitiviridae,,Betapartitivirus,Rosellinia necatrix virus 1,,Partiti-Picobirna
YP_656506_CJLX6222_Raphanus_sativus_cryptic_virus_1,Partitiviridae,0,0,1,Riboviria,Orthornavirae,Pisuviricota,,Duplopiviricetes,Durnavirales,,Partitiviridae,,,,,Partiti-Picobirna
DAZ87288.1_Arceuthobium_sichuanense_virus_5_Arceuthobium_sichuanense_482,Partitiviridae_Deltapartitivirus,0,0,1,Riboviria,Orthornavirae,Pisuviricota,,Duplopiviricetes,Durnavirales,,Partitiviridae,,Deltapartitivirus,,,Partiti-Picobirna
QCM38725_Hubei_partiti-like_virus_58,Partitiviridae_Deltapartitivirus,0,0,0,Riboviria,Orthornavirae,Pisuviricota,,Duplopiviricetes,Durnavirales,,Partitiviridae,,Deltapartitivirus,,,Partiti-Picobirna
QED42871.1_ORF1_Dactylorhiza_cryptic_virus_1_ORF1_Dactylorhiza_incarnata_472,Partitiviridae_Deltapartitivirus,0,0,1,Riboviria,Orthornavirae,Pisuviricota,,Duplopiviricetes,Durnavirales,,Partitiviridae,,Deltapartitivirus,,,Partiti-Picobirna
QED42872.1_ORF1_Dactylorhiza_cryptic_virus_2_ORF1_Dactylorhiza_incarnata_482,Partitiviridae_Deltapartitivirus,0,0,1,Riboviria,Orthornavirae,Pisuviricota,,Duplopiviricetes,Durnavirales,,Partitiviridae,,Deltapartitivirus,,,Partiti-Picobirna
QED42888.1_ORF1_Rhodiola_cryptic_virus_2_ORF1_Rhodiola_rosea_477,Partitiviridae_Deltapartitivirus,0,0,1,Riboviria,Orthornavirae,Pisuviricota,,Duplopiviricetes,Durnavirales,,Partitiviridae,,Deltapartitivirus,,,Partiti-Picobirna
UQZ09562.1_Freshwater_macrophyte_associated_partiti-like_virus_2_478,Partitiviridae_Deltapartitivirus,0,0,1,Riboviria,Orthornavirae,Pisuviricota,,Duplopiviricetes,Durnavirales,,Partitiviridae,,Deltapartitivirus,,,Partiti-Picobirna
UTH79014.1_Vitis_cryptic_virus_478,Partitiviridae_Deltapartitivirus,0,0,1,Riboviria,Orthornavirae,Pisuviricota,,Duplopiviricetes,Durnavirales,,Partitiviridae,,Deltapartitivirus,,,Partiti-Picobirna
UTQ50850.1_Plant_associated_deltapartitivirus_3_476,Partitiviridae_Deltapartitivirus,0,0,1,Riboviria,Orthornavirae,Pisuviricota,,Duplopiviricetes,Durnavirales,,Partitiviridae,,Deltapartitivirus,,,Partiti-Picobirna
YP_001686783_Raphanus_sativus_cryptic_virus_2,Partitiviridae_Deltapartitivirus,0,0,1,Riboviria,Orthornavirae,Pisuviricota,,Duplopiviricetes,Durnavirales,,Partitiviridae,,Deltapartitivirus,,,Partiti-Picobirna
YP_001686786_Rose_cryptic_virus_1,Partitiviridae_Deltapartitivirus,0,0,1,Riboviria,Orthornavirae,Pisuviricota,,Duplopiviricetes,Durnavirales,,Partitiviridae,,Deltapartitivirus,,,Partiti-Picobirna
YP_002364401_Raphanus_sativus_cryptic_virus_3,Partitiviridae_Deltapartitivirus,0,0,1,Riboviria,Orthornavirae,Pisuviricota,,Duplopiviricetes,Durnavirales,,Partitiviridae,,Deltapartitivirus,,,Partiti-Picobirna
YP_004429258_Fig_cryptic_virus,Partitiviridae_Deltapartitivirus,0,0,1,Riboviria,Orthornavirae,Pisuviricota,,Duplopiviricetes,Durnavirales,,Partitiviridae,,Deltapartitivirus,Fig cryptic virus,,Partiti-Picobirna
YP_006390091_Persimmon_cryptic_virus,Partitiviridae_Deltapartitivirus,0,0,1,Riboviria,Orthornavirae,Pisuviricota,,Duplopiviricetes,Durnavirales,,Partitiviridae,,Deltapartitivirus,,,Partiti-Picobirna
AIE47664.1_Verticillium_albo-atrum_partitivirus-1_Verticillium_albo-atrum_539,Partitiviridae_Gammapartitivirus,0,0,0,Riboviria,Orthornavirae,Pisuviricota,,Duplopiviricetes,Durnavirales,,Partitiviridae,,Gammapartitivirus,,,Partiti-Picobirna
AKF14154.1_Talaromyces_marneffei_partitivirus-1_Talaromyces_marneffei_545,Partitiviridae_Gammapartitivirus,0,0,1,Riboviria,Orthornavirae,Pisuviricota,,Duplopiviricetes,Durnavirales,,Partitiviridae,,Gammapartitivirus,,,Partiti-Picobirna
NP_116716_Discula_destructiva_virus_1,Partitiviridae_Gammapartitivirus,0,0,0,Riboviria,Orthornavirae,Pisuviricota,,Duplopiviricetes,Durnavirales,,Partitiviridae,,Gammapartitivirus,Discula destructiva virus 1,,Partiti-Picobirna
NP_624350_Mycovirus_FusoV,Partitiviridae_Gammapartitivirus,0,0,0,Riboviria,Orthornavirae,Pisuviricota,,Duplopiviricetes,Durnavirales,,Partitiviridae,,Gammapartitivirus,,,Partiti-Picobirna
NP_659027_Gremmeniella_abietina_RNA_virus_MS1,Partitiviridae_Gammapartitivirus,0,0,0,Riboviria,Orthornavirae,Pisuviricota,,Duplopiviricetes,Durnavirales,,Partitiviridae,,Gammapartitivirus,Gremmeniella abietina RNA virus MS1,,Partiti-Picobirna
QCM105830_Hubei_coleoptera_virus_5,Partitiviridae_Gammapartitivirus,0,0,0,Riboviria,Orthornavirae,Pisuviricota,,Duplopiviricetes,Durnavirales,,Partitiviridae,,Gammapartitivirus,,,Partiti-Picobirna
QCM136227_Hubei_coleoptera_virus_4,Partitiviridae_Gammapartitivirus,0,0,0,Riboviria,Orthornavirae,Pisuviricota,,Duplopiviricetes,Durnavirales,,Partitiviridae,,Gammapartitivirus,,,Partiti-Picobirna
QCM143720_Hubei_coleoptera_virus_6,Partitiviridae_Gammapartitivirus,0,0,0,Riboviria,Orthornavirae,Pisuviricota,,Duplopiviricetes,Durnavirales,,Partitiviridae,,Gammapartitivirus,,,Partiti-Picobirna
spider133290_Wuhan_spider_virus_10,Partitiviridae_Gammapartitivirus,0,0,0,Riboviria,Orthornavirae,Pisuviricota,,Duplopiviricetes,Durnavirales,,Partitiviridae,,Gammapartitivirus,,,Partiti-Picobirna
spider134151_Hubei_partiti-like_virus_52,Partitiviridae_Gammapartitivirus,0,0,0,Riboviria,Orthornavirae,Pisuviricota,,Duplopiviricetes,Durnavirales,,Partitiviridae,,Gammapartitivirus,,,Partiti-Picobirna
spider58532_Hubei_partiti-like_virus_50,Partitiviridae_Gammapartitivirus,0,0,0,Riboviria,Orthornavirae,Pisuviricota,,Duplopiviricetes,Durnavirales,,Partitiviridae,,Gammapartitivirus,,,Partiti-Picobirna
WAK75569.1_Partitiviridae_sp._Rhipicephalus_sanguineus_539,Partitiviridae_Gammapartitivirus,0,0,0,Riboviria,Orthornavirae,Pisuviricota,,Duplopiviricetes,Durnavirales,,Partitiviridae,,Gammapartitivirus,,,Partiti-Picobirna
WHWN52466_Hubei_partiti-like_virus_51,Partitiviridae_Gammapartitivirus,0,0,0,Riboviria,Orthornavirae,Pisuviricota,,Duplopiviricetes,Durnavirales,,Partitiviridae,,Gammapartitivirus,,,Partiti-Picobirna
YP_001686789_Botryotinia_fuckeliana_partitivirus_1,Partitiviridae_Gammapartitivirus,0,0,1,Riboviria,Orthornavirae,Pisuviricota,,Duplopiviricetes,Durnavirales,,Partitiviridae,,Gammapartitivirus,,,Partiti-Picobirna
YP_008327312_Ustilaginoidea_virens_partitivirus_2,Partitiviridae_Gammapartitivirus,0,0,1,Riboviria,Orthornavirae,Pisuviricota,,Duplopiviricetes,Durnavirales,,Partitiviridae,,Gammapartitivirus,,,Partiti-Picobirna
YP_052856_Penicillium_stoloniferum_virus_S,Partitiviridae_Gammapartitivirus,0,0,0,Riboviria,Orthornavirae,Pisuviricota,,Duplopiviricetes,Durnavirales,,Partitiviridae,,Gammapartitivirus,Penicillium stoloniferum virus S,,Partiti-Picobirna
YP_271922_Penicillium_stoloniferum_virus_F,Partitiviridae_Gammapartitivirus,0,0,0,Riboviria,Orthornavirae,Pisuviricota,,Duplopiviricetes,Durnavirales,,Partitiviridae,,Gammapartitivirus,Penicillium stoloniferum virus F,,Partiti-Picobirna
AAG53583_human_picobirnavirus,Picobirnaviridae,1,0,0,Riboviria,Orthornavirae,Pisuviricota,,Duplopiviricetes,Durnavirales,,Picobirnaviridae,,Orthopicobirnavirus,Orthopicobirnavirus hominis,,Partiti-Picobirna
AAG53584_human_picobirnavirus,Picobirnaviridae,1,0,0,Riboviria,Orthornavirae,Pisuviricota,,Duplopiviricetes,Durnavirales,,Picobirnaviridae,,Orthopicobirnavirus,Orthopicobirnavirus hominis,,Partiti-Picobirna
ACT64131_Picobirnavirus_bovine-RUBV-P-IND-2005,Picobirnaviridae,0,1,0,Riboviria,Orthornavirae,Pisuviricota,,Duplopiviricetes,Durnavirales,,Picobirnaviridae,,,,,Partiti-Picobirna
AFJ79071_Otarine_picobirnavirus,Picobirnaviridae,0,1,0,Riboviria,Orthornavirae,Pisuviricota,,Duplopiviricetes,Durnavirales,,Picobirnaviridae,,,,,Partiti-Picobirna
AGK45545_Fox_picobirnavirus,Picobirnaviridae,0,1,0,Riboviria,Orthornavirae,Pisuviricota,,Duplopiviricetes,Durnavirales,,Picobirnaviridae,,,,,Partiti-Picobirna
AHI59999_Porcine_picobirnavirus,Picobirnaviridae,0,1,0,Riboviria,Orthornavirae,Pisuviricota,,Duplopiviricetes,Durnavirales,,Picobirnaviridae,,,,,Partiti-Picobirna
AHX00958_Human_picobirnavirus,Picobirnaviridae,1,0,0,Riboviria,Orthornavirae,Pisuviricota,,Duplopiviricetes,Durnavirales,,Picobirnaviridae,,Orthopicobirnavirus,Orthopicobirnavirus hominis,,Partiti-Picobirna
AHX00960_Human_picobirnavirus,Picobirnaviridae,1,0,0,Riboviria,Orthornavirae,Pisuviricota,,Duplopiviricetes,Durnavirales,,Picobirnaviridae,,Orthopicobirnavirus,Orthopicobirnavirus hominis,,Partiti-Picobirna
AHZ46150_Picobirnavirus_TK-MN-2011,Picobirnaviridae,0,1,0,Riboviria,Orthornavirae,Pisuviricota,,Duplopiviricetes,Durnavirales,,Picobirnaviridae,,,,,Partiti-Picobirna
AIB06801_Fox_fecal_picobirnavirus,Picobirnaviridae,0,1,0,Riboviria,Orthornavirae,Pisuviricota,,Duplopiviricetes,Durnavirales,,Picobirnaviridae,,,,,Partiti-Picobirna
AIY31285_Dromedary_picobirnavirus,Picobirnaviridae,0,1,0,Riboviria,Orthornavirae,Pisuviricota,,Duplopiviricetes,Durnavirales,,Picobirnaviridae,,,,,Partiti-Picobirna
AIY31286_Dromedary_picobirnavirus,Picobirnaviridae,0,1,0,Riboviria,Orthornavirae,Pisuviricota,,Duplopiviricetes,Durnavirales,,Picobirnaviridae,,,,,Partiti-Picobirna
AIY31288_Dromedary_picobirnavirus,Picobirnaviridae,0,1,0,Riboviria,Orthornavirae,Pisuviricota,,Duplopiviricetes,Durnavirales,,Picobirnaviridae,,,,,Partiti-Picobirna
ATY68946.1_Simian_picobirnavirus_Simiiformes_534,Picobirnaviridae,0,1,0,Riboviria,Orthornavirae,Pisuviricota,,Duplopiviricetes,Durnavirales,,Picobirnaviridae,,,,,Partiti-Picobirna
AVX29475.1_Marmot_picobirnavirus_Marmota_himalayana_531,Picobirnaviridae,0,1,0,Riboviria,Orthornavirae,Pisuviricota,,Duplopiviricetes,Durnavirales,,Picobirnaviridae,,,,,Partiti-Picobirna
BAJ53287_Human_picobirnavirus,Picobirnaviridae,1,0,0,Riboviria,Orthornavirae,Pisuviricota,,Duplopiviricetes,Durnavirales,,Picobirnaviridae,,Orthopicobirnavirus,Orthopicobirnavirus hominis,,Partiti-Picobirna
BAJ53289_Human_picobirnavirus,Picobirnaviridae,1,0,0,Riboviria,Orthornavirae,Pisuviricota,,Duplopiviricetes,Durnavirales,,Picobirnaviridae,,Orthopicobirnavirus,Orthopicobirnavirus hominis,,Partiti-Picobirna
BAJ53290_Human_picobirnavirus,Picobirnaviridae,1,0,0,Riboviria,Orthornavirae,Pisuviricota,,Duplopiviricetes,Durnavirales,,Picobirnaviridae,,Orthopicobirnavirus,Orthopicobirnavirus hominis,,Partiti-Picobirna
BAJ53293_Human_picobirnavirus,Picobirnaviridae,1,0,0,Riboviria,Orthornavirae,Pisuviricota,,Duplopiviricetes,Durnavirales,,Picobirnaviridae,,Orthopicobirnavirus,Orthopicobirnavirus hominis,,Partiti-Picobirna
BAJ53294_Human_picobirnavirus,Picobirnaviridae,1,0,0,Riboviria,Orthornavirae,Pisuviricota,,Duplopiviricetes,Durnavirales,,Picobirnaviridae,,Orthopicobirnavirus,Orthopicobirnavirus hominis,,Partiti-Picobirna
BAN58175_Picobirnavirus_cow-tottori7944-Jap-2013,Picobirnaviridae,0,1,0,Riboviria,Orthornavirae,Pisuviricota,,Duplopiviricetes,Durnavirales,,Picobirnaviridae,,,,,Partiti-Picobirna
JMYJCC46554_Jingmen_picobirna-like_virus_1,Picobirnaviridae,0,0,0,Riboviria,Orthornavirae,Pisuviricota,,Duplopiviricetes,Durnavirales,,Picobirnaviridae,,,,,Partiti-Picobirna
QIR30725.1_Chicken_picobirnavirus_Gallus_gallus_561,Picobirnaviridae,0,1,0,Riboviria,Orthornavirae,Pisuviricota,,Duplopiviricetes,Durnavirales,,Picobirnaviridae,,,,,Partiti-Picobirna
WGML128211_Hubei_picobirna-like_virus_3_Mito_coding,Picobirnaviridae,0,0,0,Riboviria,Orthornavirae,Pisuviricota,,Duplopiviricetes,Durnavirales,,Picobirnaviridae,,,,,Partiti-Picobirna
WHBL66087_Hubei_picobirna-like_virus_4,Picobirnaviridae,0,1,0,Riboviria,Orthornavirae,Pisuviricota,,Duplopiviricetes,Durnavirales,,Picobirnaviridae,,,,,Partiti-Picobirna
YP_239361_Human_picobirnavirus,Picobirnaviridae,1,0,0,Riboviria,Orthornavirae,Pisuviricota,,Duplopiviricetes,Durnavirales,,Picobirnaviridae,,,,,Partiti-Picobirna
